a,b,sum
163,28,191
6,189,195
70,62,132
57,35,92
188,26,214
173,189,362
139,22,161
151,108,259
8,7,15
23,55,78
59,129,188
154,6,160
143,50,193
183,166,349
179,139,318
107,56,163
114,150,264
71,1,72
194,40,234
178,108,286
87,71,158
39,55,94
195,86,281
26,23,49
97,24,121
91,88,179
154,67,221
11,186,197
117,137,254
31,96,127
20,141,161
75,160,235
158,92,250
147,49,196
180,17,197
11,169,180
58,197,255
74,20,94
59,25,84
97,71,168
116,162,278
93,41,134
94,90,184
53,171,224
68,179,247
174,165,339
18,155,173
162,43,205
136,186,322
62,41,103
118,97,215
69,163,232
176,142,318
56,175,231
83,196,279
198,14,212
58,8,66
80,102,182
68,16,84
54,145,199
183,80,263
54,167,221
127,101,228
164,117,281
36,67,103
35,63,98
190,143,333
137,67,204
191,149,340
109,149,258
102,92,194
56,35,91
130,126,256
23,193,216
12,28,40
39,160,199
40,174,214
108,152,260
16,98,114
97,152,249
119,135,254
64,141,205
2,174,176
184,29,213
174,137,311
192,68,260
196,164,360
87,28,115
75,111,186
40,116,156
0,184,184
184,67,251
128,195,323
45,129,174
27,160,187
76,163,239
129,155,284
50,39,89
95,195,290
41,138,179
199,135,334
0,153,153
82,125,207
4,28,32
92,78,170
61,14,75
61,145,206
20,21,41
187,124,311
17,194,211
136,196,332
32,32,64
168,121,289
140,42,182
67,135,202
155,108,263
54,138,192
193,186,379
176,51,227
182,79,261
102,171,273
166,95,261
112,132,244
115,30,145
63,57,120
16,86,102
5,150,155
141,58,199
150,56,206
1,18,19
181,161,342
15,58,73
17,8,25
84,18,102
131,60,191
71,171,242
124,54,178
138,33,171
185,146,331
147,121,268
62,200,262
121,104,225
48,24,72
24,168,192
110,90,200
108,105,213
119,186,305
13,172,185
167,165,332
25,15,40
103,186,289
86,27,113
63,49,112
48,137,185
114,35,149
108,46,154
71,118,189
63,19,82
113,140,253
25,12,37
166,138,304
3,23,26
192,60,252
42,104,146
124,123,247
54,102,156
15,42,57
97,0,97
99,67,166
200,200,400
116,73,189
108,178,286
187,200,387
142,169,311
183,124,307
39,48,87
75,55,130
14,148,162
188,138,326
15,191,206
80,14,94
12,149,161
122,128,250
135,40,175
14,130,144
20,47,67
17,152,169
17,172,189
60,103,163
30,145,175
63,148,211
152,10,162
158,20,178
107,168,275
149,144,293
133,80,213
66,52,118
171,183,354
80,61,141
67,101,168
33,171,204
165,76,241
117,80,197
192,18,210
2,117,119
159,144,303
25,18,43
137,54,191
129,67,196
33,89,122
17,62,79
94,72,166
40,112,152
139,180,319
77,156,233
167,135,302
2,170,172
141,76,217
169,26,195
34,67,101
29,27,56
190,141,331
39,69,108
72,154,226
53,183,236
87,52,139
175,162,337
67,129,196
125,64,189
13,23,36
162,108,270
70,11,81
0,85,85
197,33,230
163,67,230
41,189,230
113,141,254
180,109,289
143,2,145
28,19,47
176,38,214
139,9,148
94,149,243
141,37,178
110,32,142
10,78,88
93,10,103
91,53,144
174,63,237
170,26,196
90,199,289
143,104,247
158,191,349
39,60,99
41,45,86
105,6,111
45,188,233
85,200,285
105,171,276
188,63,251
68,40,108
179,27,206
97,9,106
120,56,176
51,117,168
89,78,167
58,57,115
6,168,174
49,102,151
84,71,155
17,197,214
71,89,160
164,130,294
102,173,275
137,84,221
7,29,36
66,45,111
148,67,215
9,27,36
152,111,263
88,186,274
80,111,191
155,130,285
29,98,127
147,48,195
65,11,76
181,111,292
0,133,133
137,175,312
184,189,373
188,171,359
50,93,143
110,17,127
170,84,254
159,80,239
169,31,200
184,76,260
129,79,208
170,104,274
83,103,186
178,75,253
141,32,173
49,107,156
170,97,267
173,191,364
44,157,201
145,77,222
103,140,243
0,77,77
73,53,126
110,148,258
155,167,322
82,119,201
113,113,226
172,54,226
130,121,251
188,43,231
168,21,189
72,131,203
169,162,331
158,85,243
23,192,215
60,172,232
79,57,136
50,37,87
6,11,17
62,121,183
156,196,352
18,116,134
106,161,267
147,49,196
183,178,361
98,126,224
102,62,164
37,167,204
176,1,177
192,197,389
27,199,226
108,56,164
45,178,223
132,118,250
12,142,154
63,31,94
116,34,150
118,170,288
135,143,278
152,81,233
193,113,306
156,184,340
129,109,238
140,114,254
40,190,230
121,115,236
66,192,258
63,163,226
70,196,266
199,133,332
124,160,284
61,70,131
112,19,131
182,73,255
60,69,129
85,81,166
138,20,158
35,38,73
59,98,157
177,39,216
180,54,234
16,106,122
104,84,188
138,119,257
106,15,121
52,107,159
99,197,296
149,178,327
5,195,200
147,97,244
122,1,123
90,76,166
192,99,291
107,137,244
191,188,379
139,154,293
56,124,180
56,69,125
111,124,235
7,99,106
86,171,257
173,103,276
185,42,227
119,32,151
159,136,295
6,100,106
151,144,295
169,6,175
21,164,185
109,34,143
118,46,164
12,66,78
97,83,180
54,116,170
83,86,169
194,97,291
71,192,263
107,64,171
20,120,140
4,191,195
138,13,151
89,57,146
166,17,183
199,166,365
10,193,203
7,63,70
51,5,56
159,39,198
61,32,93
121,171,292
29,144,173
55,119,174
179,65,244
196,94,290
42,155,197
155,191,346
183,29,212
199,41,240
79,27,106
148,6,154
79,147,226
173,96,269
101,183,284
50,19,69
151,176,327
160,62,222
26,178,204
197,77,274
175,153,328
30,144,174
200,10,210
88,136,224
109,169,278
94,17,111
129,165,294
87,3,90
107,125,232
27,110,137
92,162,254
117,181,298
39,111,150
45,187,232
133,166,299
69,157,226
137,198,335
123,119,242
111,187,298
151,68,219
82,62,144
22,71,93
115,62,177
192,118,310
145,156,301
171,97,268
86,7,93
126,83,209
46,124,170
54,90,144
66,87,153
71,152,223
179,70,249
142,2,144
132,48,180
21,61,82
184,104,288
125,142,267
194,61,255
176,121,297
165,182,347
125,114,239
4,23,27
75,56,131
103,177,280
62,78,140
169,148,317
94,121,215
141,135,276
88,108,196
190,140,330
84,90,174
179,116,295
69,78,147
64,59,123
30,184,214
49,80,129
30,190,220
137,195,332
176,47,223
49,55,104
189,123,312
70,185,255
150,194,344
134,152,286
72,25,97
49,75,124
58,92,150
45,77,122
3,181,184
136,32,168
70,11,81
13,141,154
74,178,252
32,163,195
192,125,317
26,3,29
146,72,218
120,122,242
112,87,199
47,13,60
64,122,186
29,16,45
102,125,227
18,147,165
161,175,336
13,38,51
38,144,182
77,21,98
63,30,93
142,195,337
106,155,261
152,158,310
57,198,255
133,97,230
115,113,228
76,150,226
109,78,187
145,158,303
15,156,171
189,25,214
195,53,248
160,54,214
67,169,236
20,40,60
61,44,105
141,19,160
40,0,40
104,115,219
176,152,328
120,74,194
8,59,67
73,180,253
72,179,251
116,18,134
175,59,234
67,160,227
150,169,319
50,108,158
29,139,168
57,165,222
38,68,106
36,18,54
15,42,57
78,152,230
191,145,336
73,112,185
31,119,150
176,77,253
179,103,282
69,128,197
138,126,264
112,20,132
153,10,163
110,188,298
82,154,236
64,6,70
23,58,81
172,147,319
150,5,155
195,172,367
68,147,215
10,195,205
193,44,237
120,132,252
166,113,279
71,46,117
149,111,260
162,125,287
23,120,143
89,104,193
85,82,167
171,26,197
41,84,125
105,177,282
126,73,199
169,102,271
194,140,334
9,116,125
22,80,102
64,82,146
29,197,226
103,131,234
0,168,168
138,118,256
105,13,118
48,132,180
92,159,251
193,127,320
160,113,273
194,13,207
52,68,120
140,33,173
73,112,185
178,124,302
31,7,38
161,155,316
61,181,242
40,79,119
141,3,144
141,104,245
23,57,80
29,118,147
30,165,195
39,127,166
183,74,257
130,180,310
69,106,175
123,120,243
62,116,178
141,37,178
98,48,146
153,130,283
191,34,225
17,70,87
197,106,303
87,129,216
68,0,68
72,185,257
76,150,226
148,168,316
125,38,163
114,137,251
123,88,211
85,141,226
195,139,334
96,116,212
82,48,130
178,61,239
146,98,244
59,198,257
105,11,116
81,190,271
121,180,301
97,98,195
169,166,335
38,126,164
9,32,41
128,151,279
84,25,109
112,25,137
134,116,250
3,184,187
36,104,140
167,39,206
19,120,139
200,67,267
86,159,245
177,101,278
166,20,186
84,172,256
136,97,233
81,160,241
183,194,377
124,138,262
9,158,167
17,60,77
161,175,336
73,58,131
191,23,214
111,25,136
194,162,356
180,25,205
113,42,155
177,76,253
7,11,18
83,14,97
75,91,166
95,110,205
37,62,99
135,105,240
144,174,318
46,43,89
44,20,64
156,97,253
158,174,332
61,127,188
149,36,185
59,118,177
163,65,228
117,65,182
170,2,172
119,73,192
173,139,312
40,18,58
113,88,201
150,76,226
163,108,271
176,64,240
116,77,193
50,98,148
123,27,150
60,97,157
146,91,237
147,75,222
179,75,254
5,168,173
101,70,171
2,144,146
175,199,374
190,12,202
155,190,345
127,73,200
198,58,256
155,90,245
56,162,218
48,158,206
64,173,237
193,184,377
196,168,364
174,35,209
160,24,184
160,165,325
10,79,89
112,8,120
148,93,241
187,33,220
23,75,98
83,191,274
106,44,150
51,33,84
138,93,231
135,128,263
69,42,111
65,123,188
75,191,266
86,29,115
119,19,138
36,193,229
57,173,230
185,172,357
101,142,243
93,23,116
101,3,104
67,137,204
31,116,147
94,172,266
191,172,363
67,149,216
97,163,260
95,27,122
172,59,231
120,6,126
158,143,301
83,156,239
56,165,221
16,162,178
118,179,297
77,166,243
104,29,133
35,11,46
9,77,86
126,29,155
24,60,84
137,34,171
99,116,215
94,171,265
190,178,368
138,107,245
150,190,340
186,39,225
106,167,273
25,125,150
157,104,261
71,8,79
176,94,270
55,113,168
113,60,173
92,25,117
175,94,269
139,165,304
91,15,106
101,70,171
48,31,79
116,23,139
169,54,223
164,163,327
152,5,157
12,85,97
62,32,94
144,52,196
17,195,212
141,53,194
150,55,205
59,84,143
198,37,235
152,0,152
70,37,107
33,138,171
64,44,108
28,169,197
6,33,39
3,91,94
60,150,210
82,4,86
44,67,111
13,32,45
189,107,296
134,29,163
190,16,206
121,114,235
199,92,291
131,151,282
27,115,142
128,56,184
157,11,168
186,200,386
168,133,301
77,117,194
164,7,171
15,122,137
102,109,211
175,27,202
125,182,307
113,18,131
20,82,102
155,37,192
16,32,48
70,159,229
162,149,311
140,182,322
83,97,180
152,135,287
75,116,191
129,154,283
110,25,135
179,29,208
167,166,333
196,141,337
184,55,239
110,115,225
58,105,163
86,116,202
102,106,208
186,24,210
80,109,189
80,170,250
65,95,160
39,175,214
121,17,138
23,21,44
23,110,133
24,190,214
189,95,284
33,142,175
15,150,165
143,143,286
84,171,255
31,105,136
90,170,260
192,108,300
184,13,197
73,153,226
79,90,169
26,147,173
129,54,183
39,168,207
123,57,180
27,89,116
142,94,236
29,195,224
71,146,217
57,109,166
143,196,339
159,157,316
172,164,336
142,6,148
155,168,323
177,68,245
7,46,53
69,179,248
195,79,274
86,89,175
1,46,47
36,144,180
168,102,270
17,36,53
189,162,351
7,23,30
191,135,326
55,96,151
107,116,223
87,40,127
94,79,173
184,83,267
198,145,343
152,21,173
13,39,52
40,193,233
158,12,170
172,20,192
69,113,182
169,108,277
124,155,279
113,106,219
69,55,124
193,131,324
29,88,117
110,28,138
72,173,245
173,151,324
124,134,258
170,78,248
11,56,67
101,153,254
14,1,15
52,77,129
54,196,250
35,195,230
65,74,139
83,30,113
1,127,128
191,110,301
44,33,77
97,136,233
180,58,238
128,143,271
171,90,261
18,101,119
189,10,199
111,4,115
117,19,136
80,147,227
109,146,255
103,181,284
163,106,269
74,29,103
103,5,108
83,43,126
158,117,275
176,92,268
22,111,133
27,62,89
111,150,261
102,134,236
20,101,121
79,190,269
86,56,142
85,199,284
43,19,62
130,162,292
29,135,164
130,49,179
198,89,287
89,186,275
165,37,202
60,26,86
37,65,102
50,44,94
154,39,193
194,194,388
167,19,186
45,197,242
160,126,286
118,193,311
144,194,338
148,114,262
174,144,318
164,162,326
159,82,241
160,80,240
38,112,150
17,120,137
113,161,274
77,70,147
151,14,165
90,129,219
18,79,97
118,115,233
9,14,23
94,73,167
19,165,184
23,157,180
152,129,281
98,118,216
148,141,289
189,10,199
115,146,261
166,48,214
82,154,236
121,128,249
38,15,53
115,26,141
87,182,269
21,129,150
165,44,209
10,63,73
181,112,293
112,134,246
133,156,289
40,93,133
95,72,167
99,104,203
198,86,284
173,153,326
13,161,174
165,85,250
16,84,100
24,142,166
173,98,271
72,64,136
185,168,353
154,38,192
85,20,105
149,169,318
36,89,125
79,167,246
178,169,347
100,33,133
152,181,333
21,79,100
143,96,239
164,84,248
32,171,203
179,189,368
175,134,309
23,165,188
171,108,279
130,92,222
4,92,96
79,46,125
54,87,141
196,124,320
49,57,106
35,39,74
19,75,94
25,129,154
197,138,335
189,134,323
9,169,178
86,196,282
158,33,191
152,96,248
39,41,80
46,177,223
197,159,356
42,184,226
112,11,123
105,93,198
173,184,357
60,113,173
156,72,228
192,191,383
200,114,314
59,136,195
61,79,140
200,120,320
49,94,143
173,146,319
112,118,230
196,72,268
199,97,296
128,135,263
107,41,148
51,154,205
35,64,99
13,164,177
123,95,218
141,26,167
182,132,314
31,72,103
21,195,216
41,69,110
115,131,246
37,111,148
23,56,79
115,89,204
6,106,112
13,101,114
128,95,223
60,98,158
20,95,115
57,7,64
81,25,106
182,166,348
85,37,122
35,9,44
73,120,193
178,35,213
194,180,374
120,114,234
157,1,158
20,4,24
65,55,120
38,140,178
186,155,341
135,108,243
28,198,226
73,60,133
77,31,108
12,61,73
107,163,270
159,117,276
16,28,44
127,152,279
137,4,141
161,131,292
147,61,208
183,36,219
74,109,183
0,157,157
90,61,151
146,106,252
47,170,217
171,21,192
134,92,226
17,134,151
139,129,268
129,141,270
5,99,104
120,11,131
162,99,261
95,64,159
191,4,195
91,17,108
88,61,149
187,168,355
160,26,186
197,148,345
188,193,381
85,34,119
11,90,101
139,86,225
164,44,208
199,175,374
118,178,296
122,161,283
46,34,80
16,183,199
198,117,315
9,75,84
51,11,62
51,10,61
80,79,159
131,101,232
139,121,260
64,9,73
192,165,357
48,73,121
91,199,290
12,167,179
84,69,153
31,94,125
111,102,213
190,112,302
98,86,184
47,127,174
177,127,304
94,132,226
68,21,89
186,108,294
20,110,130
154,46,200
139,75,214
82,26,108
20,83,103
169,75,244
78,114,192
154,183,337
109,42,151
176,113,289
89,114,203
10,186,196
90,157,247
111,70,181
163,14,177
19,171,190
163,103,266
93,131,224
191,173,364
40,7,47
36,155,191
173,200,373
112,8,120
32,17,49
60,199,259
165,93,258
92,98,190
145,8,153
154,39,193
173,115,288
94,95,189
113,195,308
19,146,165
35,135,170
93,101,194
80,166,246
71,63,134
29,6,35
188,47,235
127,132,259
99,143,242
30,67,97
198,66,264
180,114,294
54,156,210
73,177,250
125,51,176
31,34,65
18,115,133
44,182,226
113,22,135
174,81,255
170,88,258
181,16,197
140,138,278
74,76,150
40,182,222
181,179,360
163,44,207
92,130,222
57,31,88
51,35,86
60,126,186
6,92,98
141,146,287
94,119,213
141,33,174
156,22,178
16,79,95
101,183,284
184,122,306
134,105,239
196,104,300
147,18,165
32,81,113
164,18,182
115,119,234
174,132,306
88,32,120
199,141,340
163,150,313
46,196,242
33,110,143
128,14,142
31,132,163
39,77,116
42,41,83
82,181,263
57,88,145
132,72,204
20,64,84
50,162,212
141,70,211
32,160,192
77,157,234
136,23,159
128,164,292
43,151,194
148,39,187
43,168,211
159,184,343
154,86,240
144,10,154
7,20,27
11,164,175
197,147,344
67,166,233
53,196,249
146,106,252
158,163,321
7,127,134
160,139,299
74,164,238
77,123,200
62,175,237
103,76,179
116,18,134
176,15,191
40,112,152
106,123,229
118,52,170
87,155,242
36,80,116
183,81,264
187,88,275
102,33,135
194,94,288
131,143,274
27,81,108
61,119,180
31,68,99
115,63,178
36,24,60
12,74,86
98,157,255
107,63,170
40,83,123
147,184,331
80,48,128
195,40,235
127,131,258
119,127,246
78,127,205
5,23,28
100,129,229
117,61,178
55,149,204
90,12,102
12,72,84
126,152,278
167,172,339
120,73,193
137,2,139
27,110,137
34,67,101
186,93,279
195,103,298
93,11,104
102,13,115
145,143,288
49,92,141
141,73,214
18,98,116
129,115,244
195,140,335
71,159,230
174,156,330
30,32,62
24,100,124
95,86,181
142,93,235
193,36,229
50,154,204
130,102,232
128,10,138
11,9,20
35,182,217
85,121,206
132,116,248
38,155,193
131,35,166
83,156,239
81,41,122
100,157,257
189,76,265
151,86,237
129,130,259
136,125,261
181,144,325
76,121,197
4,94,98
84,172,256
28,106,134
149,78,227
185,176,361
161,6,167
152,121,273
67,167,234
200,198,398
148,147,295
58,184,242
13,149,162
122,43,165
134,161,295
184,158,342
198,97,295
37,174,211
62,8,70
146,179,325
28,48,76
4,112,116
80,107,187
38,105,143
176,52,228
105,128,233
198,156,354
120,188,308
186,15,201
180,35,215
132,53,185
143,83,226
169,122,291
134,96,230
80,44,124
117,136,253
87,139,226
90,173,263
197,184,381
174,164,338
177,67,244
156,123,279
49,63,112
71,142,213
76,57,133
76,197,273
73,180,253
53,176,229
180,125,305
81,122,203
89,143,232
184,70,254
73,31,104
146,173,319
139,97,236
101,88,189
197,37,234
74,10,84
73,182,255
20,88,108
113,167,280
65,191,256
122,54,176
51,137,188
69,143,212
178,69,247
35,27,62
157,189,346
150,61,211
62,12,74
171,135,306
57,163,220
59,13,72
25,105,130
84,183,267
120,25,145
174,197,371
35,1,36
140,40,180
104,167,271
121,122,243
166,51,217
193,73,266
82,73,155
165,15,180
196,22,218
166,146,312
59,136,195
189,185,374
9,44,53
106,45,151
9,101,110
126,47,173
191,74,265
9,2,11
76,145,221
154,27,181
85,72,157
116,164,280
139,134,273
126,34,160
129,119,248
69,49,118
28,84,112
41,187,228
117,165,282
65,183,248
47,3,50
188,86,274
75,145,220
172,193,365
49,44,93
156,163,319
103,109,212
131,83,214
22,102,124
171,24,195
47,35,82
122,82,204
63,1,64
66,98,164
60,114,174
192,68,260
84,77,161
149,185,334
146,2,148
66,167,233
92,177,269
60,15,75
170,30,200
119,78,197
40,103,143
175,128,303
180,197,377
79,176,255
30,163,193
75,94,169
157,56,213
56,34,90
122,39,161
116,191,307
155,95,250
106,179,285
140,120,260
193,137,330
170,55,225
195,63,258
174,193,367
152,20,172
134,114,248
135,180,315
92,19,111
144,28,172
15,140,155
129,51,180
146,137,283
38,42,80
83,133,216
113,29,142
174,52,226
183,149,332
125,23,148
130,114,244
14,116,130
33,131,164
106,116,222
144,14,158
143,118,261
172,78,250
185,5,190
101,65,166
0,190,190
55,148,203
18,11,29
108,88,196
179,16,195
138,15,153
17,120,137
8,73,81
104,46,150
196,34,230
196,164,360
186,165,351
107,95,202
97,114,211
96,96,192
20,174,194
169,138,307
34,167,201
89,30,119
45,137,182
100,135,235
32,186,218
57,0,57
193,5,198
76,118,194
172,184,356
139,108,247
136,97,233
58,63,121
117,88,205
39,70,109
48,185,233
195,28,223
8,169,177
107,157,264
196,4,200
61,52,113
17,25,42
152,8,160
114,153,267
172,180,352
12,62,74
189,11,200
102,112,214
59,138,197
55,193,248
198,14,212
35,128,163
74,59,133
187,147,334
81,147,228
153,197,350
172,82,254
60,77,137
36,169,205
133,56,189
105,76,181
70,15,85
142,151,293
188,44,232
160,173,333
109,142,251
126,12,138
88,164,252
171,97,268
134,81,215
178,106,284
104,38,142
76,96,172
47,193,240
137,121,258
61,57,118
76,181,257
36,118,154
14,143,157
105,106,211
142,135,277
34,99,133
62,65,127
52,84,136
165,20,185
115,94,209
23,137,160
185,48,233
13,68,81
96,172,268
154,154,308
10,18,28
48,194,242
150,185,335
171,143,314
55,122,177
53,85,138
77,3,80
54,48,102
189,30,219
191,193,384
122,62,184
178,154,332
180,52,232
101,61,162
141,82,223
198,72,270
97,119,216
136,166,302
91,78,169
66,92,158
131,127,258
119,25,144
184,120,304
194,81,275
52,94,146
80,105,185
11,144,155
56,189,245
37,4,41
66,141,207
149,148,297
184,106,290
75,39,114
50,84,134
58,97,155
145,62,207
127,140,267
167,175,342
86,65,151
195,125,320
185,164,349
189,125,314
117,43,160
187,90,277
43,35,78
184,139,323
125,47,172
138,164,302
15,134,149
8,19,27
171,12,183
195,1,196
105,35,140
161,59,220
17,181,198
38,2,40
55,129,184
116,95,211
15,158,173
163,170,333
157,123,280
168,124,292
4,1,5
136,141,277
105,3,108
4,135,139
184,70,254
137,73,210
4,128,132
178,172,350
110,45,155
27,24,51
134,38,172
61,49,110
158,134,292
64,90,154
68,101,169
20,95,115
103,117,220
144,62,206
178,57,235
76,175,251
20,167,187
166,194,360
8,23,31
103,97,200
96,141,237
121,14,135
163,2,165
179,43,222
21,127,148
111,165,276
200,84,284
144,24,168
135,10,145
58,54,112
177,145,322
121,69,190
11,19,30
175,71,246
139,144,283
168,8,176
45,80,125
4,53,57
150,36,186
192,182,374
101,19,120
76,41,117
144,61,205
145,99,244
173,138,311
84,98,182
193,189,382
35,176,211
185,20,205
128,190,318
88,13,101
25,111,136
59,19,78
87,154,241
196,157,353
152,101,253
198,83,281
7,162,169
69,200,269
115,125,240
58,91,149
141,96,237
110,47,157
174,149,323
169,97,266
21,197,218
158,75,233
63,182,245
18,21,39
68,39,107
97,182,279
200,162,362
39,189,228
99,81,180
92,27,119
23,1,24
78,113,191
92,194,286
69,26,95
33,22,55
47,110,157
114,142,256
142,131,273
104,26,130
6,22,28
90,141,231
23,152,175
153,200,353
83,98,181
3,74,77
105,99,204
199,21,220
185,143,328
62,146,208
133,43,176
175,97,272
43,35,78
68,77,145
68,126,194
37,16,53
42,111,153
70,107,177
76,123,199
200,19,219
92,64,156
63,184,247
160,126,286
152,157,309
50,117,167
27,34,61
77,1,78
101,85,186
158,97,255
84,112,196
85,110,195
166,152,318
34,76,110
82,154,236
177,51,228
122,80,202
45,101,146
81,74,155
188,177,365
162,125,287
147,200,347
62,83,145
96,71,167
100,93,193
29,144,173
51,151,202
139,46,185
174,196,370
140,6,146
186,118,304
181,53,234
112,74,186
177,17,194
104,172,276
127,35,162
162,77,239
61,64,125
168,39,207
183,108,291
96,18,114
114,153,267
122,149,271
102,136,238
129,177,306
107,139,246
9,92,101
179,137,316
152,163,315
21,27,48
196,63,259
168,170,338
90,42,132
165,156,321
11,144,155
165,173,338
165,102,267
192,84,276
110,27,137
2,25,27
66,56,122
130,191,321
132,142,274
148,176,324
147,56,203
114,95,209
100,118,218
197,173,370
150,176,326
128,38,166
88,6,94
123,26,149
75,106,181
21,29,50
186,36,222
89,79,168
87,116,203
200,52,252
133,123,256
89,121,210
24,112,136
184,178,362
115,81,196
17,76,93
11,181,192
29,5,34
87,165,252
27,173,200
42,189,231
62,132,194
44,141,185
40,84,124
143,109,252
118,59,177
103,161,264
47,47,94
163,168,331
110,101,211
7,188,195
157,50,207
115,151,266
109,99,208
1,180,181
54,52,106
71,192,263
180,16,196
147,26,173
137,47,184
93,83,176
50,117,167
29,67,96
171,125,296
135,163,298
80,152,232
99,156,255
100,150,250
29,89,118
90,117,207
158,44,202
172,180,352
76,157,233
151,21,172
172,34,206
80,30,110
61,78,139
29,46,75
95,177,272
36,130,166
99,107,206
152,35,187
147,98,245
108,47,155
124,162,286
137,177,314
165,44,209
142,42,184
125,73,198
35,47,82
80,115,195
158,13,171
91,2,93
124,34,158
49,98,147
143,129,272
167,126,293
104,175,279
125,106,231
181,113,294
125,42,167
21,144,165
7,194,201
56,74,130
8,70,78
57,137,194
73,43,116
199,117,316
144,190,334
197,196,393
126,140,266
130,28,158
146,29,175
68,198,266
139,93,232
138,193,331
10,194,204
184,112,296
139,55,194
108,26,134
188,167,355
192,63,255
76,8,84
115,67,182
89,22,111
112,30,142
198,60,258
53,188,241
150,176,326
89,181,270
156,161,317
109,42,151
157,35,192
200,52,252
52,15,67
145,89,234
136,71,207
152,137,289
43,82,125
180,74,254
74,146,220
68,131,199
173,24,197
34,192,226
105,15,120
70,167,237
32,179,211
33,63,96
37,182,219
82,63,145
194,173,367
100,125,225
36,147,183
161,68,229
160,106,266
96,115,211
19,162,181
196,23,219
103,131,234
191,71,262
177,94,271
116,124,240
83,148,231
0,198,198
187,23,210
187,117,304
162,170,332
178,91,269
16,136,152
101,55,156
109,54,163
126,68,194
82,72,154
86,140,226
147,33,180
144,124,268
87,174,261
195,12,207
11,25,36
160,200,360
117,4,121
31,40,71
112,116,228
0,109,109
51,176,227
33,166,199
77,40,117
70,23,93
167,92,259
64,21,85
95,170,265
166,42,208
13,101,114
160,78,238
185,179,364
193,59,252
109,167,276
23,180,203
24,0,24
54,122,176
19,33,52
151,57,208
132,174,306
113,2,115
2,178,180
87,30,117
108,177,285
33,122,155
18,58,76
98,22,120
187,26,213
26,80,106
94,76,170
35,97,132
198,192,390
34,164,198
173,36,209
17,135,152
144,2,146
156,166,322
42,112,154
89,184,273
54,160,214
191,38,229
105,157,262
175,113,288
55,22,77
25,35,60
192,31,223
150,186,336
98,89,187
109,80,189
35,63,98
70,165,235
21,63,84
141,153,294
153,184,337
155,72,227
199,176,375
6,168,174
77,52,129
132,155,287
130,48,178
191,100,291
75,165,240
13,200,213
61,126,187
98,28,126
61,127,188
163,152,315
18,135,153
3,92,95
81,33,114
99,145,244
107,93,200
139,174,313
44,195,239
120,197,317
18,4,22
150,17,167
3,67,70
55,10,65
15,101,116
129,73,202
160,182,342
128,196,324
106,108,214
179,102,281
21,163,184
137,137,274
157,39,196
71,21,92
79,20,99
130,52,182
39,137,176
83,100,183
150,162,312
195,166,361
174,164,338
16,79,95
178,111,289
186,61,247
14,62,76
22,111,133
29,116,145
156,155,311
14,79,93
170,189,359
168,189,357
44,30,74
3,181,184
35,179,214
2,41,43
127,88,215
133,132,265
200,184,384
66,42,108
95,32,127
191,199,390
68,187,255
30,197,227
7,85,92
109,69,178
134,16,150
67,182,249
147,160,307
19,127,146
116,130,246
92,14,106
127,145,272
42,94,136
40,65,105
197,26,223
146,172,318
185,29,214
58,189,247
130,0,130
11,3,14
62,11,73
120,93,213
98,38,136
45,9,54
141,182,323
189,167,356
107,57,164
82,63,145
106,184,290
81,69,150
19,146,165
95,30,125
128,172,300
13,45,58
57,132,189
11,102,113
17,119,136
72,198,270
79,83,162
22,141,163
116,2,118
94,51,145
74,144,218
200,77,277
189,159,348
62,118,180
94,151,245
126,197,323
198,50,248
187,139,326
194,62,256
38,1,39
104,6,110
59,138,197
88,162,250
177,2,179
85,0,85
194,168,362
96,188,284
186,78,264
26,52,78
135,60,195
107,125,232
15,36,51
182,71,253
23,11,34
59,133,192
105,179,284
95,117,212
191,21,212
148,24,172
129,34,163
163,100,263
19,151,170
145,15,160
111,169,280
33,60,93
74,66,140
80,100,180
179,188,367
83,81,164
115,69,184
59,19,78
51,34,85
199,197,396
149,27,176
39,27,66
42,115,157
119,80,199
104,30,134
137,91,228
197,53,250
115,78,193
118,67,185
30,23,53
40,175,215
77,180,257
178,154,332
10,55,65
83,37,120
23,182,205
63,91,154
101,131,232
12,173,185
76,66,142
44,7,51
103,115,218
142,191,333
140,63,203
24,118,142
26,35,61
31,3,34
15,199,214
56,33,89
50,102,152
95,175,270
161,165,326
21,149,170
150,66,216
19,5,24
16,50,66
165,113,278
32,23,55
84,31,115
10,118,128
12,43,55
146,110,256
185,101,286
127,7,134
97,174,271
109,44,153
90,54,144
47,70,117
71,114,185
38,8,46
157,158,315
157,62,219
165,75,240
127,105,232
140,122,262
15,22,37
71,98,169
35,107,142
51,164,215
134,63,197
161,139,300
4,97,101
200,182,382
91,122,213
139,200,339
124,88,212
144,128,272
82,99,181
69,46,115
6,81,87
152,56,208
7,199,206
71,14,85
120,135,255
91,196,287
149,59,208
40,25,65
63,168,231
61,68,129
136,188,324
14,195,209
56,147,203
99,90,189
44,45,89
60,151,211
81,188,269
178,91,269
151,7,158
180,179,359
90,145,235
144,36,180
144,48,192
126,138,264
79,44,123
125,9,134
23,14,37
59,154,213
56,5,61
134,122,256
0,84,84
157,51,208
33,87,120
183,45,228
82,15,97
5,37,42
150,180,330
36,198,234
28,134,162
93,18,111
95,180,275
169,101,270
150,25,175
86,77,163
82,34,116
40,187,227
111,163,274
124,166,290
81,44,125
181,143,324
177,157,334
91,57,148
170,150,320
44,96,140
78,187,265
176,75,251
32,45,77
186,0,186
179,146,325
100,197,297
145,8,153
46,154,200
81,156,237
56,163,219
144,26,170
127,36,163
84,190,274
19,60,79
88,81,169
42,162,204
22,181,203
171,163,334
186,85,271
114,2,116
67,53,120
63,177,240
17,89,106
65,27,92
184,0,184
12,98,110
112,187,299
107,42,149
105,126,231
96,89,185
139,96,235
25,122,147
147,166,313
194,175,369
57,41,98
115,18,133
8,75,83
5,81,86
66,26,92
18,87,105
43,96,139
41,187,228
19,140,159
23,86,109
152,157,309
123,180,303
7,110,117
167,42,209
155,111,266
40,13,53
25,84,109
52,48,100
104,178,282
141,184,325
186,138,324
67,169,236
72,76,148
60,24,84
12,100,112
146,140,286
125,39,164
13,92,105
0,109,109
22,75,97
169,160,329
153,122,275
51,24,75
6,52,58
43,163,206
74,20,94
121,29,150
78,200,278
101,120,221
125,169,294
67,23,90
164,139,303
99,47,146
94,97,191
94,47,141
114,11,125
67,112,179
119,67,186
57,68,125
144,15,159
38,192,230
178,170,348
24,21,45
171,88,259
138,105,243
193,150,343
58,141,199
15,99,114
133,107,240
137,175,312
121,146,267
60,121,181
76,20,96
101,182,283
8,128,136
146,132,278
146,173,319
158,37,195
30,193,223
114,44,158
42,54,96
49,32,81
10,108,118
20,174,194
111,51,162
160,37,197
152,66,218
81,186,267
17,22,39
99,142,241
101,141,242
83,70,153
133,117,250
3,179,182
159,150,309
133,200,333
107,28,135
106,38,144
37,145,182
150,149,299
194,25,219
27,144,171
199,25,224
73,137,210
88,105,193
67,98,165
167,124,291
146,155,301
121,9,130
44,70,114
103,36,139
158,155,313
174,177,351
102,9,111
101,84,185
176,60,236
12,190,202
121,68,189
95,5,100
86,77,163
79,71,150
125,178,303
175,25,200
58,34,92
76,190,266
113,198,311
82,68,150
186,106,292
154,165,319
22,48,70
113,54,167
104,189,293
124,194,318
132,95,227
14,131,145
40,16,56
79,181,260
129,103,232
34,199,233
134,145,279
7,44,51
49,51,100
14,63,77
8,116,124
12,92,104
180,50,230
70,94,164
118,129,247
101,162,263
31,174,205
7,61,68
95,125,220
152,114,266
45,121,166
150,141,291
89,88,177
41,66,107
191,176,367
23,72,95
7,98,105
12,41,53
146,199,345
54,56,110
165,57,222
173,52,225
68,166,234
104,131,235
5,199,204
196,174,370
2,121,123
33,165,198
44,153,197
2,57,59
64,155,219
78,182,260
181,164,345
70,108,178
96,89,185
117,64,181
55,119,174
77,173,250
133,159,292
101,149,250
26,1,27
130,169,299
95,143,238
165,152,317
155,72,227
76,175,251
27,123,150
16,86,102
70,163,233
83,70,153
66,167,233
182,166,348
76,48,124
38,132,170
195,61,256
14,153,167
103,169,272
81,174,255
35,184,219
6,167,173
127,75,202
66,107,173
103,99,202
188,9,197
149,181,330
146,48,194
87,185,272
182,56,238
175,136,311
163,200,363
121,171,292
91,129,220
76,43,119
168,142,310
46,75,121
24,120,144
32,189,221
66,185,251
143,195,338
46,174,220
85,167,252
22,56,78
90,57,147
190,78,268
107,84,191
95,66,161
149,75,224
118,30,148
120,13,133
162,149,311
148,158,306
18,120,138
49,128,177
30,174,204
97,135,232
76,105,181
13,38,51
35,51,86
87,104,191
145,117,262
36,80,116
183,46,229
199,20,219
124,85,209
161,45,206
80,162,242
14,1,15
115,70,185
53,194,247
198,43,241
147,195,342
40,125,165
195,199,394
22,33,55
157,111,268
162,109,271
103,109,212
122,98,220
1,9,10
136,51,187
187,95,282
3,82,85
193,135,328
48,4,52
173,1,174
160,187,347
63,57,120
177,88,265
79,33,112
26,98,124
128,150,278
78,42,120
16,11,27
76,74,150
116,186,302
133,152,285
134,86,220
111,175,286
34,87,121
125,91,216
192,48,240
42,103,145
4,58,62
57,186,243
33,54,87
187,5,192
150,129,279
43,31,74
93,182,275
166,9,175
96,163,259
65,197,262
136,159,295
12,152,164
12,169,181
27,167,194
5,12,17
176,29,205
106,113,219
97,31,128
140,64,204
121,179,300
39,52,91
177,175,352
161,2,163
77,107,184
169,25,194
169,133,302
69,159,228
155,179,334
35,107,142
26,130,156
184,158,342
30,72,102
29,200,229
27,127,154
50,155,205
51,199,250
67,133,200
51,91,142
180,104,284
75,41,116
10,140,150
127,53,180
176,123,299
84,60,144
0,3,3
171,22,193
28,146,174
171,126,297
38,23,61
199,130,329
19,185,204
185,25,210
65,164,229
59,116,175
75,67,142
118,12,130
25,44,69
10,74,84
92,173,265
80,109,189
189,29,218
24,194,218
11,2,13
35,169,204
165,43,208
84,91,175
112,159,271
68,187,255
23,95,118
87,46,133
29,102,131
102,116,218
69,98,167
176,122,298
107,166,273
42,28,70
33,178,211
185,15,200
40,26,66
106,151,257
123,145,268
173,112,285
46,156,202
97,199,296
91,156,247
7,175,182
186,33,219
123,124,247
28,105,133
112,11,123
16,66,82
167,80,247
3,180,183
173,134,307
196,190,386
147,185,332
144,57,201
171,86,257
132,133,265
176,179,355
158,24,182
110,169,279
186,63,249
123,88,211
169,173,342
164,98,262
38,142,180
156,13,169
2,164,166
40,129,169
120,126,246
42,19,61
192,125,317
82,61,143
84,71,155
12,129,141
57,140,197
164,96,260
103,60,163
20,117,137
113,146,259
114,22,136
127,114,241
80,30,110
127,190,317
167,4,171
26,103,129
105,9,114
142,140,282
0,23,23
154,158,312
163,77,240
130,143,273
52,167,219
171,116,287
87,93,180
13,57,70
116,84,200
143,196,339
158,153,311
121,183,304
168,93,261
183,115,298
29,24,53
194,168,362
56,0,56
87,90,177
162,74,236
140,133,273
95,179,274
27,11,38
42,126,168
35,183,218
190,184,374
104,27,131
65,156,221
50,48,98
30,100,130
55,117,172
200,48,248
183,86,269
27,193,220
106,11,117
162,172,334
150,31,181
197,115,312
117,168,285
150,129,279
34,127,161
1,135,136
188,12,200
141,110,251
149,123,272
130,199,329
45,177,222
148,44,192
187,32,219
26,99,125
168,153,321
155,82,237
129,98,227
107,155,262
177,195,372
63,70,133
101,87,188
75,115,190
34,35,69
105,154,259
179,191,370
131,76,207
179,140,319
80,182,262
188,141,329
161,55,216
51,53,104
159,182,341
74,175,249
88,172,260
33,181,214
166,45,211
128,138,266
177,163,340
82,181,263
29,194,223
90,143,233
122,149,271
146,170,316
181,106,287
172,191,363
136,73,209
108,3,111
133,27,160
6,97,103
37,13,50
171,14,185
51,68,119
192,41,233
73,174,247
64,37,101
15,176,191
200,75,275
52,192,244
138,8,146
91,115,206
26,157,183
172,189,361
143,57,200
190,165,355
143,99,242
60,130,190
200,178,378
73,177,250
170,12,182
97,99,196
106,175,281
80,141,221
13,3,16
190,64,254
51,158,209
199,113,312
57,162,219
180,181,361
165,94,259
193,150,343
139,189,328
154,50,204
198,185,383
49,75,124
114,45,159
174,19,193
47,44,91
188,131,319
30,96,126
10,109,119
71,142,213
67,33,100
41,149,190
65,1,66
84,119,203
181,39,220
10,39,49
82,152,234
13,198,211
160,157,317
169,77,246
125,146,271
140,91,231
18,200,218
181,81,262
134,56,190
47,133,180
17,129,146
40,106,146
139,137,276
103,23,126
89,56,145
54,169,223
84,84,168
92,75,167
55,192,247
158,135,293
121,143,264
192,166,358
2,29,31
171,88,259
114,61,175
164,157,321
159,62,221
10,174,184
82,97,179
29,98,127
65,138,203
185,72,257
6,132,138
197,95,292
131,130,261
114,124,238
11,75,86
166,49,215
82,131,213
21,24,45
42,197,239
137,136,273
1,160,161
16,53,69
171,161,332
198,54,252
175,108,283
26,52,78
137,179,316
189,198,387
111,165,276
18,191,209
175,39,214
6,117,123
183,84,267
9,22,31
18,13,31
45,64,109
142,18,160
147,58,205
66,104,170
99,115,214
161,103,264
110,80,190
4,99,103
172,30,202
136,1,137
164,184,348
158,16,174
193,190,383
149,11,160
179,18,197
91,128,219
27,74,101
175,77,252
155,22,177
72,195,267
112,97,209
101,169,270
7,121,128
40,136,176
56,34,90
191,100,291
139,75,214
162,36,198
76,173,249
186,165,351
95,2,97
141,142,283
36,31,67
10,1,11
146,152,298
100,137,237
140,21,161
78,53,131
191,189,380
185,88,273
54,105,159
165,131,296
36,41,77
47,56,103
157,64,221
49,29,78
46,171,217
145,13,158
192,140,332
118,165,283
140,18,158
74,171,245
17,64,81
25,50,75
185,148,333
124,84,208
91,32,123
171,167,338
60,25,85
72,158,230
17,49,66
81,124,205
115,84,199
157,168,325
78,177,255
149,39,188
144,145,289
93,80,173
109,43,152
1,80,81
63,56,119
182,189,371
164,111,275
70,92,162
34,173,207
187,84,271
122,118,240
114,91,205
198,78,276
124,141,265
27,44,71
165,155,320
20,71,91
35,137,172
50,67,117
187,160,347
19,186,205
19,4,23
129,161,290
7,148,155
148,103,251
196,151,347
54,9,63
141,66,207
139,138,277
120,167,287
198,38,236
93,100,193
57,197,254
150,187,337
74,34,108
118,128,246
130,23,153
101,93,194
128,2,130
169,61,230
157,175,332
42,193,235
131,35,166
114,40,154
45,144,189
144,168,312
37,188,225
187,123,310
91,10,101
56,194,250
124,59,183
16,67,83
94,59,153
10,171,181
52,132,184
92,99,191
120,116,236
11,10,21
166,82,248
26,180,206
133,162,295
70,189,259
67,148,215
139,145,284
44,96,140
167,96,263
93,150,243
167,19,186
132,64,196
96,57,153
132,103,235
90,88,178
124,123,247
154,1,155
128,35,163
112,42,154
58,19,77
131,164,295
71,54,125
38,47,85
40,92,132
154,183,337
30,169,199
58,106,164
84,184,268
29,123,152
172,122,294
122,53,175
151,41,192
165,105,270
5,62,67
11,32,43
146,151,297
41,34,75
161,131,292
10,146,156
37,14,51
42,66,108
46,132,178
103,153,256
144,163,307
4,184,188
186,169,355
72,21,93
55,114,169
155,120,275
123,43,166
56,105,161
153,36,189
149,196,345
46,159,205
168,130,298
67,42,109
185,175,360
87,116,203
152,151,303
17,58,75
96,98,194
33,27,60
4,51,55
133,129,262
175,107,282
38,155,193
24,45,69
121,157,278
153,9,162
200,136,336
128,192,320
30,23,53
123,168,291
33,154,187
138,0,138
198,173,371
166,110,276
133,107,240
94,11,105
178,135,313
109,58,167
123,196,319
97,89,186
150,189,339
194,178,372
147,25,172
108,34,142
65,122,187
196,59,255
21,72,93
153,139,292
104,65,169
48,1,49
181,190,371
1,147,148
133,30,163
133,1,134
96,167,263
52,176,228
80,104,184
92,27,119
39,109,148
166,149,315
64,66,130
137,108,245
144,93,237
156,70,226
174,101,275
193,52,245
105,141,246
200,142,342
123,45,168
94,143,237
142,123,265
64,78,142
147,88,235
198,180,378
101,188,289
35,168,203
30,191,221
58,114,172
200,179,379
41,25,66
54,130,184
102,86,188
140,157,297
178,175,353
180,13,193
41,99,140
162,1,163
23,37,60
120,153,273
111,22,133
16,67,83
56,94,150
20,155,175
9,185,194
98,102,200
157,167,324
133,73,206
182,152,334
14,198,212
44,163,207
126,112,238
2,51,53
168,132,300
73,49,122
8,200,208
153,130,283
132,178,310
59,157,216
43,172,215
9,92,101
61,167,228
0,40,40
22,70,92
199,102,301
90,171,261
101,103,204
150,51,201
132,3,135
188,180,368
17,23,40
140,72,212
185,143,328
149,89,238
88,70,158
57,155,212
49,116,165
103,147,250
1,66,67
44,104,148
129,27,156
143,18,161
128,75,203
87,29,116
131,65,196
137,147,284
64,177,241
113,96,209
144,123,267
197,62,259
193,86,279
198,117,315
174,117,291
150,7,157
123,29,152
66,17,83
97,162,259
56,173,229
179,58,237
80,105,185
90,132,222
137,2,139
179,67,246
63,73,136
23,102,125
172,191,363
87,19,106
141,45,186
121,80,201
90,55,145
146,68,214
46,191,237
174,48,222
127,188,315
51,60,111
188,61,249
67,52,119
58,51,109
63,158,221
91,39,130
199,27,226
30,20,50
173,169,342
126,157,283
1,195,196
138,10,148
123,95,218
158,80,238
126,147,273
70,125,195
46,195,241
130,71,201
101,56,157
192,147,339
32,13,45
134,108,242
122,138,260
8,128,136
88,100,188
175,198,373
44,117,161
30,178,208
132,117,249
80,176,256
2,3,5
172,53,225
97,148,245
25,83,108
92,156,248
66,47,113
140,67,207
60,68,128
120,156,276
87,93,180
47,127,174
108,53,161
107,179,286
192,95,287
93,102,195
71,115,186
46,146,192
33,147,180
175,58,233
25,184,209
69,60,129
142,110,252
97,50,147
37,189,226
38,121,159
2,45,47
107,127,234
34,161,195
132,136,268
184,80,264
124,76,200
64,143,207
145,12,157
101,25,126
176,41,217
15,55,70
65,121,186
161,24,185
115,190,305
85,66,151
92,92,184
143,142,285
65,88,153
5,105,110
31,89,120
173,155,328
50,147,197
147,166,313
166,137,303
44,199,243
72,90,162
83,172,255
130,124,254
198,188,386
114,20,134
97,157,254
73,118,191
161,37,198
42,163,205
86,107,193
161,156,317
146,103,249
18,20,38
41,87,128
58,80,138
81,167,248
74,181,255
68,154,222
165,101,266
69,113,182
199,92,291
191,150,341
133,115,248
105,42,147
47,5,52
32,186,218
60,169,229
64,190,254
179,191,370
20,53,73
42,101,143
26,24,50
16,121,137
140,13,153
6,197,203
101,134,235
195,21,216
26,67,93
158,39,197
21,167,188
99,79,178
58,63,121
188,72,260
113,160,273
32,33,65
134,43,177
7,8,15
169,91,260
83,121,204
119,138,257
69,140,209
113,34,147
178,138,316
45,151,196
152,116,268
161,191,352
162,144,306
111,134,245
163,163,326
136,79,215
88,123,211
138,58,196
22,113,135
78,93,171
105,66,171
39,77,116
2,0,2
133,194,327
34,88,122
73,120,193
136,2,138
176,125,301
193,122,315
76,2,78
196,110,306
74,152,226
59,1,60
140,95,235
48,105,153
143,111,254
101,63,164
41,183,224
188,165,353
99,96,195
56,67,123
20,108,128
160,61,221
132,195,327
156,177,333
175,69,244
72,166,238
190,136,326
68,105,173
48,17,65
46,34,80
74,28,102
163,116,279
158,115,273
69,179,248
159,125,284
48,82,130
4,38,42
12,136,148
5,47,52
26,72,98
68,32,100
183,112,295
186,2,188
59,23,82
38,3,41
126,55,181
87,107,194
79,127,206
95,118,213
178,8,186
84,20,104
192,37,229
14,68,82
198,100,298
18,139,157
120,46,166
49,64,113
97,3,100
31,196,227
182,63,245
98,197,295
113,63,176
188,8,196
50,117,167
188,197,385
24,133,157
170,53,223
121,99,220
174,79,253
82,40,122
161,186,347
10,190,200
140,133,273
31,64,95
123,163,286
76,50,126
92,13,105
170,55,225
28,60,88
162,111,273
83,3,86
42,70,112
149,30,179
101,62,163
2,10,12
148,200,348
176,121,297
176,152,328
39,95,134
197,22,219
63,40,103
127,23,150
175,158,333
86,194,280
160,15,175
15,91,106
165,39,204
179,137,316
27,32,59
124,59,183
81,142,223
165,193,358
88,112,200
187,49,236
5,176,181
96,91,187
185,34,219
64,10,74
124,180,304
112,143,255
75,138,213
178,125,303
48,145,193
47,139,186
89,82,171
187,119,306
70,153,223
141,41,182
17,135,152
39,115,154
75,67,142
138,93,231
116,0,116
198,163,361
129,97,226
187,47,234
4,158,162
93,198,291
158,61,219
82,184,266
16,168,184
137,99,236
48,134,182
174,127,301
196,141,337
39,156,195
72,82,154
104,164,268
82,28,110
24,133,157
168,17,185
11,33,44
45,8,53
51,27,78
124,49,173
25,8,33
146,164,310
99,168,267
125,134,259
159,179,338
151,65,216
12,93,105
56,155,211
183,18,201
3,53,56
167,125,292
20,119,139
163,15,178
92,142,234
190,106,296
94,181,275
14,157,171
68,135,203
10,187,197
18,77,95
19,55,74
132,24,156
25,185,210
59,136,195
98,48,146
49,134,183
168,63,231
145,160,305
45,142,187
191,142,333
106,191,297
27,196,223
163,147,310
91,172,263
117,179,296
170,109,279
26,42,68
46,140,186
102,129,231
86,168,254
40,136,176
153,113,266
90,80,170
140,83,223
95,105,200
195,162,357
110,185,295
82,155,237
61,144,205
139,54,193
96,196,292
140,190,330
65,92,157
115,114,229
101,0,101
185,8,193
72,152,224
4,132,136
34,77,111
1,76,77
56,54,110
80,5,85
197,176,373
70,141,211
130,142,272
146,146,292
39,24,63
9,117,126
91,39,130
35,67,102
93,149,242
63,59,122
65,76,141
23,146,169
102,145,247
55,187,242
19,185,204
83,123,206
44,124,168
176,179,355
147,24,171
152,164,316
76,9,85
187,147,334
97,20,117
199,14,213
197,85,282
89,111,200
106,30,136
197,58,255
191,167,358
154,2,156
162,199,361
161,97,258
13,78,91
134,10,144
81,138,219
144,38,182
83,128,211
178,56,234
39,12,51
172,187,359
100,114,214
192,152,344
147,129,276
23,56,79
110,74,184
100,37,137
33,86,119
21,121,142
146,190,336
12,140,152
102,67,169
21,102,123
128,111,239
198,178,376
33,195,228
34,123,157
143,50,193
124,101,225
166,146,312
50,143,193
157,188,345
134,63,197
62,18,80
68,198,266
110,82,192
175,147,322
22,28,50
171,105,276
108,93,201
89,48,137
82,88,170
152,167,319
6,197,203
78,43,121
89,157,246
113,159,272
37,112,149
11,59,70
51,175,226
95,39,134
193,186,379
21,28,49
189,13,202
62,158,220
37,73,110
3,87,90
177,28,205
78,115,193
120,5,125
84,53,137
189,137,326
54,52,106
139,133,272
192,66,258
140,123,263
159,186,345
36,177,213
178,171,349
4,96,100
149,169,318
134,11,145
65,43,108
15,72,87
51,178,229
158,69,227
13,119,132
167,2,169
17,99,116
169,69,238
169,168,337
92,27,119
4,74,78
166,98,264
59,97,156
130,181,311
25,80,105
124,152,276
136,22,158
47,50,97
128,117,245
143,182,325
5,10,15
63,135,198
78,85,163
125,100,225
190,40,230
4,88,92
175,90,265
90,160,250
77,60,137
128,70,198
15,160,175
65,99,164
7,142,149
71,57,128
38,87,125
100,168,268
35,22,57
186,97,283
133,173,306
156,160,316
175,58,233
106,61,167
146,39,185
109,79,188
154,84,238
114,138,252
33,52,85
167,35,202
148,138,286
175,51,226
35,79,114
176,180,356
134,34,168
110,197,307
37,167,204
144,40,184
81,17,98
142,136,278
184,30,214
47,81,128
37,186,223
7,195,202
81,105,186
105,77,182
113,190,303
163,189,352
70,38,108
199,48,247
27,33,60
47,6,53
195,156,351
157,68,225
155,145,300
156,59,215
152,59,211
59,175,234
6,91,97
20,176,196
199,122,321
34,128,162
154,120,274
182,166,348
95,47,142
99,125,224
121,35,156
41,49,90
57,8,65
104,195,299
3,69,72
105,56,161
190,171,361
51,193,244
52,16,68
45,112,157
157,125,282
176,83,259
117,63,180
109,103,212
198,10,208
155,188,343
97,184,281
80,100,180
156,190,346
146,152,298
137,134,271
164,180,344
9,133,142
27,115,142
116,10,126
62,132,194
137,101,238
188,10,198
142,99,241
132,195,327
161,12,173
48,74,122
112,101,213
77,198,275
73,118,191
42,108,150
75,156,231
13,176,189
132,36,168
118,165,283
115,23,138
184,128,312
28,46,74
199,149,348
178,139,317
34,100,134
105,82,187
115,6,121
45,116,161
151,182,333
51,116,167
23,64,87
82,177,259
166,182,348
41,183,224
187,31,218
23,29,52
180,115,295
162,92,254
21,134,155
181,98,279
186,130,316
156,40,196
96,140,236
97,11,108
196,43,239
85,144,229
168,38,206
41,37,78
45,196,241
182,13,195
107,78,185
79,186,265
196,114,310
73,160,233
46,30,76
33,51,84
0,159,159
195,64,259
3,117,120
127,127,254
139,1,140
155,126,281
60,55,115
150,168,318
121,116,237
104,113,217
20,153,173
153,1,154
62,140,202
71,158,229
160,142,302
53,12,65
47,37,84
14,167,181
89,9,98
37,8,45
170,147,317
154,76,230
84,22,106
12,27,39
106,45,151
41,172,213
72,156,228
169,177,346
179,152,331
146,143,289
45,116,161
191,148,339
92,9,101
23,196,219
76,82,158
94,97,191
17,194,211
109,140,249
16,74,90
120,34,154
31,177,208
70,84,154
134,105,239
134,53,187
178,53,231
156,14,170
27,146,173
186,161,347
135,22,157
123,185,308
176,154,330
180,73,253
109,155,264
81,66,147
134,147,281
159,90,249
33,157,190
144,127,271
133,186,319
161,127,288
126,46,172
156,59,215
181,74,255
49,0,49
30,6,36
119,160,279
30,188,218
53,157,210
106,105,211
11,85,96
89,143,232
163,54,217
2,163,165
51,176,227
72,65,137
17,78,95
76,129,205
140,82,222
196,1,197
29,175,204
85,87,172
101,185,286
145,157,302
7,44,51
49,84,133
86,172,258
122,121,243
9,165,174
34,123,157
39,160,199
117,137,254
85,118,203
200,105,305
190,14,204
133,76,209
144,185,329
173,80,253
142,137,279
4,53,57
147,175,322
84,90,174
16,38,54
71,7,78
86,96,182
160,136,296
42,146,188
155,99,254
47,152,199
29,200,229
192,78,270
180,80,260
181,8,189
69,105,174
22,127,149
60,95,155
115,77,192
55,134,189
77,44,121
28,95,123
200,9,209
199,51,250
23,113,136
129,6,135
123,128,251
39,48,87
87,123,210
187,134,321
79,198,277
83,36,119
196,25,221
132,173,305
33,52,85
185,9,194
117,99,216
182,133,315
29,1,30
79,11,90
175,152,327
22,85,107
119,11,130
26,133,159
196,168,364
190,79,269
5,147,152
194,79,273
163,53,216
82,51,133
49,73,122
70,136,206
81,197,278
112,171,283
30,69,99
38,40,78
70,29,99
3,159,162
143,131,274
26,52,78
138,89,227
140,81,221
69,36,105
180,72,252
146,62,208
43,18,61
79,156,235
86,138,224
113,12,125
33,7,40
120,172,292
12,27,39
98,13,111
22,109,131
100,45,145
180,152,332
151,161,312
176,179,355
114,157,271
91,79,170
85,50,135
182,194,376
171,136,307
20,193,213
195,119,314
145,33,178
23,178,201
119,24,143
116,79,195
175,164,339
181,196,377
119,120,239
59,57,116
36,157,193
66,93,159
100,46,146
179,170,349
84,83,167
116,124,240
7,16,23
121,28,149
89,122,211
118,43,161
72,196,268
89,154,243
147,32,179
130,26,156
103,182,285
27,83,110
142,166,308
18,77,95
136,118,254
102,151,253
105,61,166
158,62,220
140,40,180
123,98,221
16,87,103
53,177,230
151,110,261
200,111,311
145,87,232
139,177,316
60,44,104
169,171,340
19,189,208
182,146,328
124,29,153
151,152,303
118,83,201
142,24,166
113,45,158
78,103,181
17,153,170
27,175,202
152,197,349
97,83,180
126,165,291
169,15,184
23,55,78
35,148,183
193,162,355
0,193,193
37,169,206
38,115,153
136,74,210
99,157,256
147,114,261
50,52,102
174,81,255
76,145,221
173,77,250
111,183,294
88,22,110
149,2,151
156,130,286
103,32,135
75,15,90
94,140,234
13,0,13
180,143,323
91,28,119
72,7,79
60,110,170
179,151,330
100,160,260
81,182,263
97,103,200
97,111,208
139,54,193
169,44,213
121,35,156
48,142,190
98,92,190
106,39,145
73,171,244
32,34,66
2,18,20
165,4,169
36,184,220
124,168,292
111,34,145
21,35,56
164,106,270
116,178,294
154,108,262
159,46,205
116,130,246
108,141,249
115,98,213
90,57,147
47,108,155
154,1,155
147,127,274
187,60,247
182,128,310
68,105,173
139,147,286
93,8,101
9,145,154
123,180,303
94,28,122
148,123,271
176,20,196
36,186,222
187,134,321
192,199,391
71,119,190
132,20,152
133,156,289
22,62,84
120,161,281
189,169,358
171,19,190
175,162,337
138,148,286
79,156,235
13,87,100
136,199,335
2,120,122
116,131,247
120,146,266
187,84,271
107,90,197
75,74,149
42,9,51
177,152,329
191,77,268
186,200,386
144,66,210
15,161,176
121,148,269
43,146,189
13,168,181
74,188,262
159,6,165
73,124,197
21,32,53
129,19,148
200,71,271
64,33,97
157,71,228
70,65,135
3,189,192
28,154,182
44,151,195
189,38,227
168,114,282
94,44,138
66,200,266
179,60,239
124,46,170
135,8,143
87,21,108
37,152,189
39,126,165
192,105,297
197,98,295
60,169,229
112,185,297
163,42,205
53,147,200
187,88,275
13,164,177
67,193,260
29,13,42
42,118,160
102,121,223
77,121,198
191,192,383
136,59,195
97,174,271
180,99,279
121,67,188
37,135,172
111,3,114
73,114,187
97,173,270
80,135,215
174,10,184
24,136,160
163,90,253
110,156,266
166,69,235
85,69,154
68,25,93
65,167,232
149,100,249
118,197,315
172,191,363
61,187,248
172,150,322
197,49,246
133,86,219
173,176,349
46,80,126
140,2,142
172,2,174
17,3,20
105,25,130
134,26,160
175,114,289
89,56,145
185,72,257
64,49,113
8,6,14
158,23,181
14,152,166
168,55,223
153,163,316
31,181,212
30,22,52
154,33,187
96,168,264
195,165,360
144,47,191
28,178,206
47,64,111
75,119,194
169,19,188
163,116,279
70,196,266
109,177,286
170,197,367
197,82,279
65,41,106
199,18,217
70,198,268
15,97,112
99,85,184
15,66,81
67,45,112
112,17,129
125,51,176
156,100,256
45,165,210
125,27,152
36,138,174
196,110,306
55,157,212
164,27,191
113,183,296
66,26,92
8,18,26
18,146,164
186,64,250
198,114,312
4,127,131
38,167,205
163,0,163
9,170,179
99,68,167
38,179,217
84,100,184
147,0,147
131,181,312
197,125,322
122,111,233
103,186,289
199,17,216
138,57,195
0,98,98
176,199,375
123,31,154
145,137,282
91,85,176
174,77,251
102,14,116
161,165,326
23,93,116
136,87,223
20,117,137
194,196,390
74,165,239
51,45,96
141,10,151
98,169,267
48,76,124
178,99,277
27,161,188
176,91,267
124,21,145
161,112,273
188,48,236
35,9,44
49,6,55
184,151,335
61,125,186
99,16,115
138,164,302
78,127,205
136,115,251
4,9,13
86,14,100
86,184,270
10,103,113
30,54,84
167,170,337
133,117,250
173,137,310
38,189,227
148,59,207
18,9,27
188,36,224
125,167,292
4,120,124
158,11,169
62,179,241
166,33,199
3,44,47
161,12,173
78,24,102
116,156,272
43,151,194
16,27,43
29,127,156
152,157,309
56,16,72
51,109,160
86,188,274
173,102,275
83,30,113
175,147,322
139,35,174
82,54,136
195,11,206
151,44,195
85,16,101
30,70,100
36,193,229
106,43,149
178,94,272
141,42,183
112,62,174
148,10,158
34,25,59
161,156,317
96,199,295
40,4,44
124,20,144
1,1,2
45,22,67
180,166,346
151,72,223
106,177,283
197,121,318
177,32,209
52,36,88
163,69,232
133,115,248
105,61,166
44,156,200
177,9,186
152,46,198
183,127,310
156,22,178
160,200,360
77,89,166
107,1,108
142,60,202
49,30,79
135,24,159
158,92,250
194,138,332
129,56,185
118,197,315
160,168,328
53,70,123
13,49,62
28,38,66
175,121,296
127,45,172
40,171,211
11,13,24
165,93,258
72,53,125
111,64,175
85,157,242
194,116,310
11,26,37
189,13,202
137,45,182
40,7,47
124,131,255
29,18,47
60,184,244
113,151,264
148,83,231
107,50,157
191,173,364
83,58,141
199,28,227
83,58,141
25,60,85
188,105,293
51,96,147
56,18,74
120,149,269
124,13,137
111,37,148
55,156,211
116,45,161
99,95,194
34,117,151
184,49,233
161,91,252
69,51,120
85,32,117
8,177,185
145,15,160
71,34,105
28,119,147
117,107,224
43,194,237
87,56,143
75,154,229
40,163,203
156,43,199
147,141,288
58,22,80
105,133,238
125,55,180
151,121,272
118,71,189
3,186,189
109,188,297
63,63,126
83,111,194
148,56,204
151,38,189
146,1,147
106,11,117
10,120,130
187,196,383
129,8,137
108,135,243
100,122,222
178,25,203
115,126,241
61,21,82
142,192,334
3,177,180
187,104,291
55,33,88
91,75,166
61,165,226
23,4,27
122,171,293
78,41,119
180,117,297
146,191,337
149,6,155
116,118,234
197,35,232
180,103,283
47,94,141
160,118,278
180,162,342
0,160,160
18,98,116
176,85,261
135,8,143
75,109,184
192,69,261
178,156,334
138,147,285
53,175,228
20,158,178
85,188,273
14,131,145
172,93,265
13,28,41
98,93,191
119,158,277
10,93,103
93,44,137
165,143,308
180,17,197
143,181,324
198,52,250
35,85,120
61,138,199
29,166,195
122,188,310
192,148,340
179,53,232
192,190,382
194,57,251
82,90,172
68,128,196
174,108,282
70,13,83
16,95,111
88,115,203
124,128,252
134,31,165
120,181,301
136,173,309
136,74,210
115,158,273
94,172,266
177,16,193
48,117,165
22,20,42
100,45,145
73,19,92
27,42,69
70,28,98
178,37,215
127,38,165
52,133,185
160,5,165
75,106,181
174,138,312
33,121,154
88,107,195
113,188,301
165,5,170
74,48,122
16,5,21
59,133,192
165,85,250
105,148,253
87,167,254
165,83,248
124,151,275
170,178,348
135,140,275
113,117,230
77,145,222
33,78,111
43,66,109
58,123,181
95,73,168
197,12,209
37,90,127
72,116,188
42,158,200
41,182,223
137,73,210
46,44,90
181,177,358
170,39,209
41,60,101
29,10,39
81,147,228
32,112,144
66,94,160
47,52,99
143,181,324
8,170,178
81,88,169
37,95,132
114,138,252
41,136,177
77,31,108
6,103,109
127,196,323
37,117,154
81,39,120
1,189,190
139,129,268
84,165,249
180,75,255
121,74,195
193,146,339
170,37,207
144,186,330
113,86,199
176,28,204
187,122,309
10,35,45
173,141,314
29,78,107
6,102,108
158,56,214
114,91,205
23,83,106
14,155,169
164,49,213
149,134,283
56,200,256
196,71,267
50,5,55
21,137,158
114,173,287
171,22,193
131,100,231
49,125,174
81,154,235
154,130,284
14,170,184
92,101,193
37,183,220
109,94,203
98,95,193
3,72,75
88,89,177
78,114,192
143,22,165
55,186,241
113,189,302
106,113,219
73,41,114
186,108,294
186,106,292
35,150,185
153,22,175
36,53,89
77,121,198
134,85,219
16,151,167
193,96,289
22,1,23
104,163,267
69,106,175
44,142,186
118,181,299
145,193,338
35,51,86
47,97,144
74,141,215
125,10,135
77,149,226
77,126,203
143,189,332
118,57,175
6,0,6
39,67,106
76,163,239
162,120,282
31,167,198
170,73,243
106,45,151
125,176,301
165,62,227
7,30,37
195,70,265
126,17,143
153,190,343
92,148,240
123,144,267
111,66,177
160,175,335
121,177,298
30,95,125
131,187,318
147,4,151
66,41,107
148,14,162
37,81,118
118,177,295
34,91,125
41,13,54
69,92,161
107,162,269
91,12,103
74,74,148
135,163,298
19,131,150
49,196,245
160,46,206
195,24,219
153,192,345
42,139,181
82,80,162
175,77,252
69,175,244
178,176,354
92,24,116
136,148,284
90,36,126
3,35,38
132,72,204
95,199,294
124,105,229
87,41,128
26,55,81
39,128,167
56,48,104
143,157,300
176,134,310
136,182,318
141,179,320
193,29,222
106,117,223
19,29,48
33,4,37
122,89,211
79,176,255
92,35,127
113,152,265
133,195,328
87,44,131
181,77,258
7,190,197
30,56,86
32,177,209
36,176,212
58,78,136
32,53,85
33,20,53
108,176,284
195,200,395
28,19,47
4,198,202
123,193,316
110,10,120
50,27,77
8,168,176
131,151,282
15,120,135
30,64,94
11,16,27
77,170,247
2,193,195
24,200,224
31,154,185
52,150,202
51,47,98
171,89,260
7,23,30
37,191,228
71,148,219
89,90,179
41,128,169
199,186,385
156,61,217
129,145,274
17,25,42
148,195,343
3,135,138
55,183,238
49,72,121
43,193,236
137,1,138
185,25,210
54,129,183
181,121,302
93,178,271
150,47,197
112,172,284
27,46,73
90,97,187
108,54,162
131,58,189
104,28,132
194,80,274
31,119,150
28,133,161
34,126,160
195,92,287
180,73,253
142,184,326
10,21,31
83,126,209
29,98,127
72,116,188
153,188,341
79,175,254
113,57,170
141,104,245
74,109,183
48,17,65
121,173,294
94,45,139
3,172,175
125,172,297
26,101,127
112,133,245
168,173,341
21,30,51
36,101,137
102,177,279
151,26,177
189,43,232
16,93,109
50,86,136
51,152,203
103,31,134
59,108,167
185,127,312
71,195,266
182,196,378
148,151,299
69,193,262
164,102,266
91,121,212
170,154,324
103,124,227
130,71,201
37,196,233
116,27,143
31,64,95
125,127,252
59,160,219
34,7,41
25,188,213
13,17,30
127,173,300
6,45,51
97,154,251
173,83,256
39,77,116
159,159,318
24,194,218
19,169,188
192,133,325
196,126,322
119,51,170
75,169,244
127,125,252
129,66,195
138,87,225
138,139,277
4,195,199
8,110,118
30,98,128
115,80,195
96,113,209
117,9,126
8,45,53
142,168,310
199,77,276
180,42,222
125,110,235
34,79,113
183,99,282
124,195,319
28,145,173
172,125,297
168,141,309
175,138,313
146,120,266
121,143,264
40,129,169
14,100,114
67,126,193
151,96,247
157,173,330
90,196,286
72,82,154
15,7,22
151,11,162
32,93,125
89,189,278
149,6,155
195,160,355
87,97,184
24,109,133
88,91,179
105,89,194
14,169,183
62,63,125
60,165,225
79,151,230
21,176,197
16,78,94
29,86,115
43,5,48
137,83,220
9,117,126
168,108,276
145,131,276
107,68,175
5,178,183
120,150,270
5,81,86
96,146,242
99,82,181
146,25,171
125,25,150
176,172,348
52,86,138
127,128,255
195,170,365
86,42,128
157,76,233
93,111,204
51,127,178
162,19,181
137,54,191
73,67,140
12,76,88
146,102,248
57,159,216
190,23,213
183,148,331
24,151,175
86,69,155
17,145,162
135,121,256
109,53,162
88,19,107
166,77,243
129,76,205
110,169,279
